{
    "hourly_value": {
        "7": 614340.0,
        "8": 4996596.0,
        "10": 2155498.0,
        "12": 500236.0,
        "14": 501297.0,
        "15": 4094575.0,
        "16": 4898043.842105263,
        "17": 3888525.777777778,
        "18": 15965842.285714285,
        "19": 5602541.714285715,
        "20": 20345103.6,
        "21": 19613532.75
    },
    "daily_impact": {
        "Friday": -0.019229039350401024,
        "Monday": 0.01325438685969662,
        "Thursday": 0.02513459608910808,
        "Tuesday": 0.04273269200043273,
        "Wednesday": 0.019279419136176663
    },
    "monthly_pattern": {
        "2": 9674775.608695652,
        "3": 2433022.0
    },
    "best_filing_hour": 8,
    "best_filing_day": "Tuesday"
}